,time,location,station,text,matches,row_to_use,use_row,words,clean_words,climate_words_found,climate_phrases_found
14,2021-12-30 6:37 PM,"Portland, OR",KOIN,"the rain will continue through the evening ending overnight. several communities were evacuated because of flooding like this, and the risk of mudslides, major. >> garrett: jonathan vigliotti, thank you. so, what's next? we turn to cbs' lonnie quinn with the forecast. lonnie, good evening. >> reporter: good evening to you, major.u, maj toughest weather anywhere in the country in colorado today. the strongest wind gust 115 miles per hour. currently the winds are gusting around 60 miles an hour, down to the 50s, 40 miles per hour through the overnight hours. still it's really hard to fight any-fire-burning out there and no help from mother nature. more wind than rain. where the rain is falling from georgia to south carolina, severe thunderstorm threat for that area until 9:00 p.m. what about new year's eve? new year's eve, i'm going to focus from nashville to memphis, over to arkansas. new year's eve, that's where you have a risk for severe weather. all the while into nears day, snowfall anywhere from kansas city through portions of the great lakes, detroit is cold as","[2, 3, 4, 5, 6, 7, 8, 9, 10, 11, 12, 13, 14, 15, 16, 17, 18, 19, 20, 21, 22, 23, 24, 25, 26, 27, 28, 29, 30, 31, 32, 33, 34, 35, 36, 37, 40, 48, 49, 50, 51, 52, 53, 54, 55, 56, 57, 58, 59, 60, 61, 62, 63, 64, 70, 75, 78, 79]",14,True,"['the', 'rain', 'will', 'continue', 'through', 'the', 'evening', 'ending', 'overnight', 'several', 'communities', 'were', 'evacuated', 'because', 'of', 'flooding', 'like', 'this', 'and', 'the', 'risk', 'of', 'mudslides', 'major', '', 'garrett', 'jonathan', 'vigliotti', 'thank', 'you', 'so', ""what's"", 'next', 'we', 'turn', 'to', ""cbs'"", 'lonnie', 'quinn', 'with', 'the', 'forecast', 'lonnie', 'good', 'evening', '', 'reporter', 'good', 'evening', 'to', 'you', 'majoru', 'maj', 'toughest', 'weather', 'anywhere', 'in', 'the', 'country', 'in', 'colorado', 'today', 'the', 'strongest', 'wind', 'gust', '115', 'miles', 'per', 'hour', 'currently', 'the', 'winds', 'are', 'gusting', 'around', '60', 'miles', 'an', 'hour', 'down', 'to', 'the', '50s', '40', 'miles', 'per', 'hour', 'through', 'the', 'overnight', 'hours', 'still', ""it's"", 'really', 'hard', 'to', 'fight', 'any-fire-burning', 'out', 'there', 'and', 'no', 'help', 'from', 'mother', 'nature', 'more', 'wind', 'than', 'rain', 'where', 'the', 'rain', 'is', 'falling', 'from', 'georgia', 'to', 'south', 'carolina', 'severe', 'thunderstorm', 'threat', 'for', 'that', 'area', 'until', '900', 'pm', 'what', 'about', 'new', ""year's"", 'eve', 'new', ""year's"", 'eve', ""i'm"", 'going', 'to', 'focus', 'from', 'nashville', 'to', 'memphis', 'over', 'to', 'arkansas', 'new', ""year's"", 'eve', ""that's"", 'where', 'you', 'have', 'a', 'risk', 'for', 'severe', 'weather', 'all', 'the', 'while', 'into', 'nears', 'day', 'snowfall', 'anywhere', 'from', 'kansas', 'city', 'through', 'portions', 'of', 'the', 'great', 'lakes', 'detroit', 'is', 'cold', 'as']","['the', 'rain', 'will', 'continue', 'through', 'the', 'evening', 'ending', 'overnight', 'several', 'communities', 'were', 'evacuated', 'because', 'of', 'flooding', 'like', 'this', 'and', 'the', 'risk', 'of', 'mudslides', 'major', 'garrett', 'jonathan', 'vigliotti', 'thank', 'you', 'so', ""what's"", 'next', 'we', 'turn', 'to', ""cbs'"", 'lonnie', 'quinn', 'with', 'the', 'forecast', 'lonnie', 'good', 'evening', 'reporter', 'good', 'evening', 'to', 'you', 'majoru', 'maj', 'toughest', 'weather', 'anywhere', 'in', 'the', 'country', 'in', 'colorado', 'today', 'the', 'strongest', 'wind', 'gust', 'miles', 'per', 'hour', 'currently', 'the', 'winds', 'are', 'gusting', 'around', 'miles', 'an', 'hour', 'down', 'to', 'the', '50s', 'miles', 'per', 'hour', 'through', 'the', 'overnight', 'hours', 'still', ""it's"", 'really', 'hard', 'to', 'fight', 'any', 'fire', 'burning', 'out', 'there', 'and', 'no', 'help', 'from', 'mother', 'nature', 'more', 'wind', 'than', 'rain', 'where', 'the', 'rain', 'is', 'falling', 'from', 'georgia', 'to', 'south', 'carolina', 'severe', 'thunderstorm', 'threat', 'for', 'that', 'area', 'until', 'pm', 'what', 'about', 'new', ""year's"", 'eve', 'new', ""year's"", 'eve', ""i'm"", 'going', 'to', 'focus', 'from', 'nashville', 'to', 'memphis', 'over', 'to', 'arkansas', 'new', ""year's"", 'eve', ""that's"", 'where', 'you', 'have', 'a', 'risk', 'for', 'severe', 'weather', 'all', 'the', 'while', 'into', 'nears', 'day', 'snowfall', 'anywhere', 'from', 'kansas', 'city', 'through', 'portions', 'of', 'the', 'great', 'lakes', 'detroit', 'is', 'cold', 'as']",['severe'],[]
41,2021-12-30 6:00 PM,Sacramnto-Stkton-Modesto,KOVR,"about. we just talked about the hospital where the evacuation happened. you can see, this is the hospital right here in these red spots behind it is where we >> the shopping center right here, there is a target store, and there are reports that the target store is gone as well as a hotel and shopping center and you see all of these homes around here and these were on fire. the mayor of superior, he has been quoted as saying, our town is burning around us, and the sheriff their reporting a very dire situation as the fire burns into the night. but there is a winter storm warning going into effect tomorrow morning and we could have 5 to 10 inches of snow in this area by saturday. >>> here at home after spending days in the dark, power is back",[41],41,True,"['about', 'we', 'just', 'talked', 'about', 'the', 'hospital', 'where', 'the', 'evacuation', 'happened', 'you', 'can', 'see', 'this', 'is', 'the', 'hospital', 'right', 'here', 'in', 'these', 'red', 'spots', 'behind', 'it', 'is', 'where', 'we', '', 'the', 'shopping', 'center', 'right', 'here', 'there', 'is', 'a', 'target', 'store', 'and', 'there', 'are', 'reports', 'that', 'the', 'target', 'store', 'is', 'gone', 'as', 'well', 'as', 'a', 'hotel', 'and', 'shopping', 'center', 'and', 'you', 'see', 'all', 'of', 'these', 'homes', 'around', 'here', 'and', 'these', 'were', 'on', 'fire', 'the', 'mayor', 'of', 'superior', 'he', 'has', 'been', 'quoted', 'as', 'saying', 'our', 'town', 'is', 'burning', 'around', 'us', 'and', 'the', 'sheriff', 'their', 'reporting', 'a', 'very', 'dire', 'situation', 'as', 'the', 'fire', 'burns', 'into', 'the', 'night', 'but', 'there', 'is', 'a', 'winter', 'storm', 'warning', 'going', 'into', 'effect', 'tomorrow', 'morning', 'and', 'we', 'could', 'have', '5', 'to', '10', 'inches', 'of', 'snow', 'in', 'this', 'area', 'by', 'saturday', '', 'here', 'at', 'home', 'after', 'spending', 'days', 'in', 'the', 'dark', 'power', 'is', 'back']","['about', 'we', 'just', 'talked', 'about', 'the', 'hospital', 'where', 'the', 'evacuation', 'happened', 'you', 'can', 'see', 'this', 'is', 'the', 'hospital', 'right', 'here', 'in', 'these', 'red', 'spots', 'behind', 'it', 'is', 'where', 'we', 'the', 'shopping', 'center', 'right', 'here', 'there', 'is', 'a', 'target', 'store', 'and', 'there', 'are', 'reports', 'that', 'the', 'target', 'store', 'is', 'gone', 'as', 'well', 'as', 'a', 'hotel', 'and', 'shopping', 'center', 'and', 'you', 'see', 'all', 'of', 'these', 'homes', 'around', 'here', 'and', 'these', 'were', 'on', 'fire', 'the', 'mayor', 'of', 'superior', 'he', 'has', 'been', 'quoted', 'as', 'saying', 'our', 'town', 'is', 'burning', 'around', 'us', 'and', 'the', 'sheriff', 'their', 'reporting', 'a', 'very', 'dire', 'situation', 'as', 'the', 'fire', 'burns', 'into', 'the', 'night', 'but', 'there', 'is', 'a', 'winter', 'storm', 'warning', 'going', 'into', 'effect', 'tomorrow', 'morning', 'and', 'we', 'could', 'have', 'to', 'inches', 'of', 'snow', 'in', 'this', 'area', 'by', 'saturday', 'here', 'at', 'home', 'after', 'spending', 'days', 'in', 'the', 'dark', 'power', 'is', 'back']",['effect'],[]
45,2021-12-30 5:44 PM,Baltimore,WJZ,"wildfire-that engulfed parts of the area. in all, more than 30,000 people have been told to get to safety. gusty winds are fueling the massive fires which comes after the official and to wildfire season. so far, no one has been hurt. >>> police in north carolina are looking for the gunman who opened-fire-at a high school basketball tournament. two teens were wounded when the shots were fired inside the lobby here in salisbury. more than 400 people were in the gym when it happened, the rest of the tournament has been canceled, no word on a motive for the shooting. >>> today president biden held a second call with russian president vladimir putin this month. thousands of russian troops have gathered along ukraine's border for a possible military invasion. the u.s. has warned of consequences. here is skyler henry. >> reporter: president biden held thursday's protocol at the request of russian president vladimir put in. at the top of the agenda, de- escalating tensions along using's porter were as many as 90,000 russian troops are gathered. >> i would assume this is an","[45, 46]",45,True,"['wildfire-that', 'engulfed', 'parts', 'of', 'the', 'area', 'in', 'all', 'more', 'than', '30000', 'people', 'have', 'been', 'told', 'to', 'get', 'to', 'safety', 'gusty', 'winds', 'are', 'fueling', 'the', 'massive', 'fires', 'which', 'comes', 'after', 'the', 'official', 'and', 'to', 'wildfire', 'season', 'so', 'far', 'no', 'one', 'has', 'been', 'hurt', '', 'police', 'in', 'north', 'carolina', 'are', 'looking', 'for', 'the', 'gunman', 'who', 'opened-fire-at', 'a', 'high', 'school', 'basketball', 'tournament', 'two', 'teens', 'were', 'wounded', 'when', 'the', 'shots', 'were', 'fired', 'inside', 'the', 'lobby', 'here', 'in', 'salisbury', 'more', 'than', '400', 'people', 'were', 'in', 'the', 'gym', 'when', 'it', 'happened', 'the', 'rest', 'of', 'the', 'tournament', 'has', 'been', 'canceled', 'no', 'word', 'on', 'a', 'motive', 'for', 'the', 'shooting', '', 'today', 'president', 'biden', 'held', 'a', 'second', 'call', 'with', 'russian', 'president', 'vladimir', 'putin', 'this', 'month', 'thousands', 'of', 'russian', 'troops', 'have', 'gathered', 'along', ""ukraine's"", 'border', 'for', 'a', 'possible', 'military', 'invasion', 'the', 'us', 'has', 'warned', 'of', 'consequences', 'here', 'is', 'skyler', 'henry', '', 'reporter', 'president', 'biden', 'held', ""thursday's"", 'protocol', 'at', 'the', 'request', 'of', 'russian', 'president', 'vladimir', 'put', 'in', 'at', 'the', 'top', 'of', 'the', 'agenda', 'de-', 'escalating', 'tensions', 'along', ""using's"", 'porter', 'were', 'as', 'many', 'as', '90000', 'russian', 'troops', 'are', 'gathered', '', 'i', 'would', 'assume', 'this', 'is', 'an']","['wildfire', 'that', 'engulfed', 'parts', 'of', 'the', 'area', 'in', 'all', 'more', 'than', 'people', 'have', 'been', 'told', 'to', 'get', 'to', 'safety', 'gusty', 'winds', 'are', 'fueling', 'the', 'massive', 'fires', 'which', 'comes', 'after', 'the', 'official', 'and', 'to', 'wildfire', 'season', 'so', 'far', 'no', 'one', 'has', 'been', 'hurt', 'police', 'in', 'north', 'carolina', 'are', 'looking', 'for', 'the', 'gunman', 'who', 'opened', 'fire', 'at', 'a', 'high', 'school', 'basketball', 'tournament', 'two', 'teens', 'were', 'wounded', 'when', 'the', 'shots', 'were', 'fired', 'inside', 'the', 'lobby', 'here', 'in', 'salisbury', 'more', 'than', 'people', 'were', 'in', 'the', 'gym', 'when', 'it', 'happened', 'the', 'rest', 'of', 'the', 'tournament', 'has', 'been', 'canceled', 'no', 'word', 'on', 'a', 'motive', 'for', 'the', 'shooting', 'today', 'president', 'biden', 'held', 'a', 'second', 'call', 'with', 'russian', 'president', 'vladimir', 'putin', 'this', 'month', 'thousands', 'of', 'russian', 'troops', 'have', 'gathered', 'along', ""ukraine's"", 'border', 'for', 'a', 'possible', 'military', 'invasion', 'the', 'us', 'has', 'warned', 'of', 'consequences', 'here', 'is', 'skyler', 'henry', 'reporter', 'president', 'biden', 'held', ""thursday's"", 'protocol', 'at', 'the', 'request', 'of', 'russian', 'president', 'vladimir', 'put', 'in', 'at', 'the', 'top', 'of', 'the', 'agenda', 'de', 'escalating', 'tensions', 'along', ""using's"", 'porter', 'were', 'as', 'many', 'as', 'russian', 'troops', 'are', 'gathered', 'i', 'would', 'assume', 'this', 'is', 'an']",['high'],[]
47,2021-12-30 5:43 PM,Seattle-Tacoma,KIRO,"outside of denver have been told to evacuate. the sheriff says hundreds of homes and businesses have burned as powerful winds fanned those flames. will some campers woke up to a nasty scene this morning? just look at this water. >> sweeping through their campsite storms that brought heavy rain and mudslides in southern california flooded this state park in malibu. and you can see it left vehicle submerged. los angeles county-fire-crews helped stranded campers get to higher ground and then yeah, we were in attendance or friends or in a trailer and we were in a tent behind the floating away. no, but that that is moving when we got up off of that. snow out of the city of malibu says nearly 2 dozen people at the camp site were evacuated safely. >> in other areas, rain and snow closed down freeways and roads. >> water is moving and this was done with the skills, have some snow and ice on the streets in heavy rain could cause problems with all that snow and ice. right, morgan, right. we're going to start the thong.",[47],47,True,"['outside', 'of', 'denver', 'have', 'been', 'told', 'to', 'evacuate', 'the', 'sheriff', 'says', 'hundreds', 'of', 'homes', 'and', 'businesses', 'have', 'burned', 'as', 'powerful', 'winds', 'fanned', 'those', 'flames', 'will', 'some', 'campers', 'woke', 'up', 'to', 'a', 'nasty', 'scene', 'this', 'morning', 'just', 'look', 'at', 'this', 'water', '', 'sweeping', 'through', 'their', 'campsite', 'storms', 'that', 'brought', 'heavy', 'rain', 'and', 'mudslides', 'in', 'southern', 'california', 'flooded', 'this', 'state', 'park', 'in', 'malibu', 'and', 'you', 'can', 'see', 'it', 'left', 'vehicle', 'submerged', 'los', 'angeles', 'county-fire-crews', 'helped', 'stranded', 'campers', 'get', 'to', 'higher', 'ground', 'and', 'then', 'yeah', 'we', 'were', 'in', 'attendance', 'or', 'friends', 'or', 'in', 'a', 'trailer', 'and', 'we', 'were', 'in', 'a', 'tent', 'behind', 'the', 'floating', 'away', 'no', 'but', 'that', 'that', 'is', 'moving', 'when', 'we', 'got', 'up', 'off', 'of', 'that', 'snow', 'out', 'of', 'the', 'city', 'of', 'malibu', 'says', 'nearly', '2', 'dozen', 'people', 'at', 'the', 'camp', 'site', 'were', 'evacuated', 'safely', '', 'in', 'other', 'areas', 'rain', 'and', 'snow', 'closed', 'down', 'freeways', 'and', 'roads', '', 'water', 'is', 'moving', 'and', 'this', 'was', 'done', 'with', 'the', 'skills', 'have', 'some', 'snow', 'and', 'ice', 'on', 'the', 'streets', 'in', 'heavy', 'rain', 'could', 'cause', 'problems', 'with', 'all', 'that', 'snow', 'and', 'ice', 'right', 'morgan', 'right', ""we're"", 'going', 'to', 'start', 'the', 'thong']","['outside', 'of', 'denver', 'have', 'been', 'told', 'to', 'evacuate', 'the', 'sheriff', 'says', 'hundreds', 'of', 'homes', 'and', 'businesses', 'have', 'burned', 'as', 'powerful', 'winds', 'fanned', 'those', 'flames', 'will', 'some', 'campers', 'woke', 'up', 'to', 'a', 'nasty', 'scene', 'this', 'morning', 'just', 'look', 'at', 'this', 'water', 'sweeping', 'through', 'their', 'campsite', 'storms', 'that', 'brought', 'heavy', 'rain', 'and', 'mudslides', 'in', 'southern', 'california', 'flooded', 'this', 'state', 'park', 'in', 'malibu', 'and', 'you', 'can', 'see', 'it', 'left', 'vehicle', 'submerged', 'los', 'angeles', 'county', 'fire', 'crews', 'helped', 'stranded', 'campers', 'get', 'to', 'higher', 'ground', 'and', 'then', 'yeah', 'we', 'were', 'in', 'attendance', 'or', 'friends', 'or', 'in', 'a', 'trailer', 'and', 'we', 'were', 'in', 'a', 'tent', 'behind', 'the', 'floating', 'away', 'no', 'but', 'that', 'that', 'is', 'moving', 'when', 'we', 'got', 'up', 'off', 'of', 'that', 'snow', 'out', 'of', 'the', 'city', 'of', 'malibu', 'says', 'nearly', 'dozen', 'people', 'at', 'the', 'camp', 'site', 'were', 'evacuated', 'safely', 'in', 'other', 'areas', 'rain', 'and', 'snow', 'closed', 'down', 'freeways', 'and', 'roads', 'water', 'is', 'moving', 'and', 'this', 'was', 'done', 'with', 'the', 'skills', 'have', 'some', 'snow', 'and', 'ice', 'on', 'the', 'streets', 'in', 'heavy', 'rain', 'could', 'cause', 'problems', 'with', 'all', 'that', 'snow', 'and', 'ice', 'right', 'morgan', 'right', ""we're"", 'going', 'to', 'start', 'the', 'thong']",['ice'],[]
66,2021-12-30 5:31 PM,Sacramnto-Stkton-Modesto,KOVR,"signatures, here. this is where we have had flames in the past six hours. you can see here, superior, look at this area. this is the area that is devastated with 580 structures gone. you can see these communities, down here, where we have been watching pictures of the homes burning. that's where we pull out, wide. we have more communities that are also threatened. we know evacuations are in place in bloomfield and louisville, here. we also have evacuations. so, boulder, colorado is here, north and west of the fire. we have heard of evacuations in the southern part of older, colorado. so, tomorrow, we are expanding expecting a winter snow warning and it could be 5 to 10 inches of snow. looking ahead to our fire season, we are looking and wondering, is all the snow and rain with records in september, is that a record?",[66],66,True,"['signatures', 'here', 'this', 'is', 'where', 'we', 'have', 'had', 'flames', 'in', 'the', 'past', 'six', 'hours', 'you', 'can', 'see', 'here', 'superior', 'look', 'at', 'this', 'area', 'this', 'is', 'the', 'area', 'that', 'is', 'devastated', 'with', '580', 'structures', 'gone', 'you', 'can', 'see', 'these', 'communities', 'down', 'here', 'where', 'we', 'have', 'been', 'watching', 'pictures', 'of', 'the', 'homes', 'burning', ""that's"", 'where', 'we', 'pull', 'out', 'wide', 'we', 'have', 'more', 'communities', 'that', 'are', 'also', 'threatened', 'we', 'know', 'evacuations', 'are', 'in', 'place', 'in', 'bloomfield', 'and', 'louisville', 'here', 'we', 'also', 'have', 'evacuations', 'so', 'boulder', 'colorado', 'is', 'here', 'north', 'and', 'west', 'of', 'the', 'fire', 'we', 'have', 'heard', 'of', 'evacuations', 'in', 'the', 'southern', 'part', 'of', 'older', 'colorado', 'so', 'tomorrow', 'we', 'are', 'expanding', 'expecting', 'a', 'winter', 'snow', 'warning', 'and', 'it', 'could', 'be', '5', 'to', '10', 'inches', 'of', 'snow', 'looking', 'ahead', 'to', 'our', 'fire', 'season', 'we', 'are', 'looking', 'and', 'wondering', 'is', 'all', 'the', 'snow', 'and', 'rain', 'with', 'records', 'in', 'september', 'is', 'that', 'a', 'record']","['signatures', 'here', 'this', 'is', 'where', 'we', 'have', 'had', 'flames', 'in', 'the', 'past', 'six', 'hours', 'you', 'can', 'see', 'here', 'superior', 'look', 'at', 'this', 'area', 'this', 'is', 'the', 'area', 'that', 'is', 'devastated', 'with', 'structures', 'gone', 'you', 'can', 'see', 'these', 'communities', 'down', 'here', 'where', 'we', 'have', 'been', 'watching', 'pictures', 'of', 'the', 'homes', 'burning', ""that's"", 'where', 'we', 'pull', 'out', 'wide', 'we', 'have', 'more', 'communities', 'that', 'are', 'also', 'threatened', 'we', 'know', 'evacuations', 'are', 'in', 'place', 'in', 'bloomfield', 'and', 'louisville', 'here', 'we', 'also', 'have', 'evacuations', 'so', 'boulder', 'colorado', 'is', 'here', 'north', 'and', 'west', 'of', 'the', 'fire', 'we', 'have', 'heard', 'of', 'evacuations', 'in', 'the', 'southern', 'part', 'of', 'older', 'colorado', 'so', 'tomorrow', 'we', 'are', 'expanding', 'expecting', 'a', 'winter', 'snow', 'warning', 'and', 'it', 'could', 'be', 'to', 'inches', 'of', 'snow', 'looking', 'ahead', 'to', 'our', 'fire', 'season', 'we', 'are', 'looking', 'and', 'wondering', 'is', 'all', 'the', 'snow', 'and', 'rain', 'with', 'records', 'in', 'september', 'is', 'that', 'a', 'record']",['record'],[]
67,2021-12-30 5:17 PM,Tulsa,KOTV,"sun. morning satellite imagery right now we have one system out to the southwest all over the ocean but starting to turn up a lot of energy and a lot of moisture bringing that right over oklahoma so the clouds have been picking up over the course of the day the mid to high up mid to high level clouds and then on satellite right here is that-fire-that i told you about the beginning of the newscast is a very large fire. 2 of them but one doing significantly more damage on the north side of denver's just southeast of boulder and so there's quite a bit of structure damage. it's a dangerous situation for those guys if you know anybody that lives on the north side of denver. you might check in all right then for tomorrow night the storm system coming in is going to start to develop showers thunderstorms some of which could be strong to severe so this is our storm zone for late fri. night early sat. morning. all modes of severe weather will be possible so large hail damaging winds and the tornado risk is low, but still it's there and we'll be watching closely. highest probability of strong to severe storms will be across pittsburgh over to le flore county, southern sequoyah",[67],67,True,"['sun', 'morning', 'satellite', 'imagery', 'right', 'now', 'we', 'have', 'one', 'system', 'out', 'to', 'the', 'southwest', 'all', 'over', 'the', 'ocean', 'but', 'starting', 'to', 'turn', 'up', 'a', 'lot', 'of', 'energy', 'and', 'a', 'lot', 'of', 'moisture', 'bringing', 'that', 'right', 'over', 'oklahoma', 'so', 'the', 'clouds', 'have', 'been', 'picking', 'up', 'over', 'the', 'course', 'of', 'the', 'day', 'the', 'mid', 'to', 'high', 'up', 'mid', 'to', 'high', 'level', 'clouds', 'and', 'then', 'on', 'satellite', 'right', 'here', 'is', 'that-fire-that', 'i', 'told', 'you', 'about', 'the', 'beginning', 'of', 'the', 'newscast', 'is', 'a', 'very', 'large', 'fire', '2', 'of', 'them', 'but', 'one', 'doing', 'significantly', 'more', 'damage', 'on', 'the', 'north', 'side', 'of', ""denver's"", 'just', 'southeast', 'of', 'boulder', 'and', 'so', ""there's"", 'quite', 'a', 'bit', 'of', 'structure', 'damage', ""it's"", 'a', 'dangerous', 'situation', 'for', 'those', 'guys', 'if', 'you', 'know', 'anybody', 'that', 'lives', 'on', 'the', 'north', 'side', 'of', 'denver', 'you', 'might', 'check', 'in', 'all', 'right', 'then', 'for', 'tomorrow', 'night', 'the', 'storm', 'system', 'coming', 'in', 'is', 'going', 'to', 'start', 'to', 'develop', 'showers', 'thunderstorms', 'some', 'of', 'which', 'could', 'be', 'strong', 'to', 'severe', 'so', 'this', 'is', 'our', 'storm', 'zone', 'for', 'late', 'fri', 'night', 'early', 'sat', 'morning', 'all', 'modes', 'of', 'severe', 'weather', 'will', 'be', 'possible', 'so', 'large', 'hail', 'damaging', 'winds', 'and', 'the', 'tornado', 'risk', 'is', 'low', 'but', 'still', ""it's"", 'there', 'and', ""we'll"", 'be', 'watching', 'closely', 'highest', 'probability', 'of', 'strong', 'to', 'severe', 'storms', 'will', 'be', 'across', 'pittsburgh', 'over', 'to', 'le', 'flore', 'county', 'southern', 'sequoyah']","['sun', 'morning', 'satellite', 'imagery', 'right', 'now', 'we', 'have', 'one', 'system', 'out', 'to', 'the', 'southwest', 'all', 'over', 'the', 'ocean', 'but', 'starting', 'to', 'turn', 'up', 'a', 'lot', 'of', 'energy', 'and', 'a', 'lot', 'of', 'moisture', 'bringing', 'that', 'right', 'over', 'oklahoma', 'so', 'the', 'clouds', 'have', 'been', 'picking', 'up', 'over', 'the', 'course', 'of', 'the', 'day', 'the', 'mid', 'to', 'high', 'up', 'mid', 'to', 'high', 'level', 'clouds', 'and', 'then', 'on', 'satellite', 'right', 'here', 'is', 'that', 'fire', 'that', 'i', 'told', 'you', 'about', 'the', 'beginning', 'of', 'the', 'newscast', 'is', 'a', 'very', 'large', 'fire', 'of', 'them', 'but', 'one', 'doing', 'significantly', 'more', 'damage', 'on', 'the', 'north', 'side', 'of', ""denver's"", 'just', 'southeast', 'of', 'boulder', 'and', 'so', ""there's"", 'quite', 'a', 'bit', 'of', 'structure', 'damage', ""it's"", 'a', 'dangerous', 'situation', 'for', 'those', 'guys', 'if', 'you', 'know', 'anybody', 'that', 'lives', 'on', 'the', 'north', 'side', 'of', 'denver', 'you', 'might', 'check', 'in', 'all', 'right', 'then', 'for', 'tomorrow', 'night', 'the', 'storm', 'system', 'coming', 'in', 'is', 'going', 'to', 'start', 'to', 'develop', 'showers', 'thunderstorms', 'some', 'of', 'which', 'could', 'be', 'strong', 'to', 'severe', 'so', 'this', 'is', 'our', 'storm', 'zone', 'for', 'late', 'fri', 'night', 'early', 'sat', 'morning', 'all', 'modes', 'of', 'severe', 'weather', 'will', 'be', 'possible', 'so', 'large', 'hail', 'damaging', 'winds', 'and', 'the', 'tornado', 'risk', 'is', 'low', 'but', 'still', ""it's"", 'there', 'and', ""we'll"", 'be', 'watching', 'closely', 'highest', 'probability', 'of', 'strong', 'to', 'severe', 'storms', 'will', 'be', 'across', 'pittsburgh', 'over', 'to', 'le', 'flore', 'county', 'southern', 'sequoyah']","['energy', 'high', 'severe']",[]
68,2021-12-30 5:14 PM,"Portland, OR",KOIN,">> to breaking news now, this is a live look in northern colorado with more than 30,000 people have been told to evacuate because the wildfires in late december, the city of lewisville, the town of superior have all been ordered to evacuate. both towns are about 20 miles northwest of denver. the sheriff says hundreds of homes have been destroyed. we're told some of the-fire-started from power lines that came down driven by high winds. >> covid cases in the u.s. are at their highest level on record. that's forcing some to rethink their new year's eve plans. michael george is in times square where the celebration has been scaled back. >> 2021 is going out with a as",[68],68,True,"['to', 'breaking', 'news', 'now', 'this', 'is', 'a', 'live', 'look', 'in', 'northern', 'colorado', 'with', 'more', 'than', '30000', 'people', 'have', 'been', 'told', 'to', 'evacuate', 'because', 'the', 'wildfires', 'in', 'late', 'december', 'the', 'city', 'of', 'lewisville', 'the', 'town', 'of', 'superior', 'have', 'all', 'been', 'ordered', 'to', 'evacuate', 'both', 'towns', 'are', 'about', '20', 'miles', 'northwest', 'of', 'denver', 'the', 'sheriff', 'says', 'hundreds', 'of', 'homes', 'have', 'been', 'destroyed', ""we're"", 'told', 'some', 'of', 'the-fire-started', 'from', 'power', 'lines', 'that', 'came', 'down', 'driven', 'by', 'high', 'winds', '', 'covid', 'cases', 'in', 'the', 'us', 'are', 'at', 'their', 'highest', 'level', 'on', 'record', ""that's"", 'forcing', 'some', 'to', 'rethink', 'their', 'new', ""year's"", 'eve', 'plans', 'michael', 'george', 'is', 'in', 'times', 'square', 'where', 'the', 'celebration', 'has', 'been', 'scaled', 'back', '', '2021', 'is', 'going', 'out', 'with', 'a', 'as']","['to', 'breaking', 'news', 'now', 'this', 'is', 'a', 'live', 'look', 'in', 'northern', 'colorado', 'with', 'more', 'than', 'people', 'have', 'been', 'told', 'to', 'evacuate', 'because', 'the', 'wildfires', 'in', 'late', 'december', 'the', 'city', 'of', 'lewisville', 'the', 'town', 'of', 'superior', 'have', 'all', 'been', 'ordered', 'to', 'evacuate', 'both', 'towns', 'are', 'about', 'miles', 'northwest', 'of', 'denver', 'the', 'sheriff', 'says', 'hundreds', 'of', 'homes', 'have', 'been', 'destroyed', ""we're"", 'told', 'some', 'of', 'the', 'fire', 'started', 'from', 'power', 'lines', 'that', 'came', 'down', 'driven', 'by', 'high', 'winds', 'covid', 'cases', 'in', 'the', 'us', 'are', 'at', 'their', 'highest', 'level', 'on', 'record', ""that's"", 'forcing', 'some', 'to', 'rethink', 'their', 'new', ""year's"", 'eve', 'plans', 'michael', 'george', 'is', 'in', 'times', 'square', 'where', 'the', 'celebration', 'has', 'been', 'scaled', 'back', 'is', 'going', 'out', 'with', 'a', 'as']","['high', 'record']",[]
69,2021-12-30 5:12 PM,San Diego,KFMB,"thousands of people have been ordered to evacuate because of wind fueled wildfires. twenty one thousand people in fact were told to leave the community of louisville today. thirteen thousand people in neighboring superior were also ordered to evacuate. the two towns are roughly 20 miles northwest of denver, a nearby portion of us highway thirty six also were shut down because of-fire-winds in that area as you can see from some of this video are gusting up to one hundred and five miles an hour back here in california, winter storms have brought heavy rain and mudslides. this was the scene at a campground in malibu today where several campers got trapped by floodwaters. l.a. county-fire-crews are called to help get those people to higher ground. one camper says they saw crews helping a mother and her baby into a boat. meanwhile up in the mountains, california is collecting a whole lot of snow. photojournalist colin murphy talked with news8 shannon handy who is caught up in the record breaking snow as she and her family vacation in",[69],69,True,"['thousands', 'of', 'people', 'have', 'been', 'ordered', 'to', 'evacuate', 'because', 'of', 'wind', 'fueled', 'wildfires', 'twenty', 'one', 'thousand', 'people', 'in', 'fact', 'were', 'told', 'to', 'leave', 'the', 'community', 'of', 'louisville', 'today', 'thirteen', 'thousand', 'people', 'in', 'neighboring', 'superior', 'were', 'also', 'ordered', 'to', 'evacuate', 'the', 'two', 'towns', 'are', 'roughly', '20', 'miles', 'northwest', 'of', 'denver', 'a', 'nearby', 'portion', 'of', 'us', 'highway', 'thirty', 'six', 'also', 'were', 'shut', 'down', 'because', 'of-fire-winds', 'in', 'that', 'area', 'as', 'you', 'can', 'see', 'from', 'some', 'of', 'this', 'video', 'are', 'gusting', 'up', 'to', 'one', 'hundred', 'and', 'five', 'miles', 'an', 'hour', 'back', 'here', 'in', 'california', 'winter', 'storms', 'have', 'brought', 'heavy', 'rain', 'and', 'mudslides', 'this', 'was', 'the', 'scene', 'at', 'a', 'campground', 'in', 'malibu', 'today', 'where', 'several', 'campers', 'got', 'trapped', 'by', 'floodwaters', 'la', 'county-fire-crews', 'are', 'called', 'to', 'help', 'get', 'those', 'people', 'to', 'higher', 'ground', 'one', 'camper', 'says', 'they', 'saw', 'crews', 'helping', 'a', 'mother', 'and', 'her', 'baby', 'into', 'a', 'boat', 'meanwhile', 'up', 'in', 'the', 'mountains', 'california', 'is', 'collecting', 'a', 'whole', 'lot', 'of', 'snow', 'photojournalist', 'colin', 'murphy', 'talked', 'with', 'news8', 'shannon', 'handy', 'who', 'is', 'caught', 'up', 'in', 'the', 'record', 'breaking', 'snow', 'as', 'she', 'and', 'her', 'family', 'vacation', 'in']","['thousands', 'of', 'people', 'have', 'been', 'ordered', 'to', 'evacuate', 'because', 'of', 'wind', 'fueled', 'wildfires', 'twenty', 'one', 'thousand', 'people', 'in', 'fact', 'were', 'told', 'to', 'leave', 'the', 'community', 'of', 'louisville', 'today', 'thirteen', 'thousand', 'people', 'in', 'neighboring', 'superior', 'were', 'also', 'ordered', 'to', 'evacuate', 'the', 'two', 'towns', 'are', 'roughly', 'miles', 'northwest', 'of', 'denver', 'a', 'nearby', 'portion', 'of', 'us', 'highway', 'thirty', 'six', 'also', 'were', 'shut', 'down', 'because', 'of', 'fire', 'winds', 'in', 'that', 'area', 'as', 'you', 'can', 'see', 'from', 'some', 'of', 'this', 'video', 'are', 'gusting', 'up', 'to', 'one', 'hundred', 'and', 'five', 'miles', 'an', 'hour', 'back', 'here', 'in', 'california', 'winter', 'storms', 'have', 'brought', 'heavy', 'rain', 'and', 'mudslides', 'this', 'was', 'the', 'scene', 'at', 'a', 'campground', 'in', 'malibu', 'today', 'where', 'several', 'campers', 'got', 'trapped', 'by', 'floodwaters', 'la', 'county', 'fire', 'crews', 'are', 'called', 'to', 'help', 'get', 'those', 'people', 'to', 'higher', 'ground', 'one', 'camper', 'says', 'they', 'saw', 'crews', 'helping', 'a', 'mother', 'and', 'her', 'baby', 'into', 'a', 'boat', 'meanwhile', 'up', 'in', 'the', 'mountains', 'california', 'is', 'collecting', 'a', 'whole', 'lot', 'of', 'snow', 'photojournalist', 'colin', 'murphy', 'talked', 'with', 'news8', 'shannon', 'handy', 'who', 'is', 'caught', 'up', 'in', 'the', 'record', 'breaking', 'snow', 'as', 'she', 'and', 'her', 'family', 'vacation', 'in']",['record'],['record breaking']
71,2021-12-30 5:06 PM,Phoenix (Prescott),KPHO,"into the central rockies, and it is a dangerous wind event today. i know jared has been updating you on that on going grass fire in boulderer county, colorado. we have winter storm warnings and advisories in effect for above 6,000 people in flagstaff. they go through saturday morning 5:00 a.m. taking a look at the active radar. we have showers in the tucson area. in the southwestern corner of the county, just north and west of aho just a little bit of rain falling, hopefully making its way to the ground. it's not a pine cone. it's not a tortilla chip, but your forecast is 52 degrees with scattered rain showers. if you'rous you're going to be getting wet through friday",[71],71,True,"['into', 'the', 'central', 'rockies', 'and', 'it', 'is', 'a', 'dangerous', 'wind', 'event', 'today', 'i', 'know', 'jared', 'has', 'been', 'updating', 'you', 'on', 'that', 'on', 'going', 'grass', 'fire', 'in', 'boulderer', 'county', 'colorado', 'we', 'have', 'winter', 'storm', 'warnings', 'and', 'advisories', 'in', 'effect', 'for', 'above', '6000', 'people', 'in', 'flagstaff', 'they', 'go', 'through', 'saturday', 'morning', '500', 'am', 'taking', 'a', 'look', 'at', 'the', 'active', 'radar', 'we', 'have', 'showers', 'in', 'the', 'tucson', 'area', 'in', 'the', 'southwestern', 'corner', 'of', 'the', 'county', 'just', 'north', 'and', 'west', 'of', 'aho', 'just', 'a', 'little', 'bit', 'of', 'rain', 'falling', 'hopefully', 'making', 'its', 'way', 'to', 'the', 'ground', ""it's"", 'not', 'a', 'pine', 'cone', ""it's"", 'not', 'a', 'tortilla', 'chip', 'but', 'your', 'forecast', 'is', '52', 'degrees', 'with', 'scattered', 'rain', 'showers', 'if', ""you'rous"", ""you're"", 'going', 'to', 'be', 'getting', 'wet', 'through', 'friday']","['into', 'the', 'central', 'rockies', 'and', 'it', 'is', 'a', 'dangerous', 'wind', 'event', 'today', 'i', 'know', 'jared', 'has', 'been', 'updating', 'you', 'on', 'that', 'on', 'going', 'grass', 'fire', 'in', 'boulderer', 'county', 'colorado', 'we', 'have', 'winter', 'storm', 'warnings', 'and', 'advisories', 'in', 'effect', 'for', 'above', 'people', 'in', 'flagstaff', 'they', 'go', 'through', 'saturday', 'morning', 'am', 'taking', 'a', 'look', 'at', 'the', 'active', 'radar', 'we', 'have', 'showers', 'in', 'the', 'tucson', 'area', 'in', 'the', 'southwestern', 'corner', 'of', 'the', 'county', 'just', 'north', 'and', 'west', 'of', 'aho', 'just', 'a', 'little', 'bit', 'of', 'rain', 'falling', 'hopefully', 'making', 'its', 'way', 'to', 'the', 'ground', ""it's"", 'not', 'a', 'pine', 'cone', ""it's"", 'not', 'a', 'tortilla', 'chip', 'but', 'your', 'forecast', 'is', 'degrees', 'with', 'scattered', 'rain', 'showers', 'if', ""you'rous"", ""you're"", 'going', 'to', 'be', 'getting', 'wet', 'through', 'friday']",['effect'],[]
73,2021-12-30 5:02 PM,Sacramnto-Stkton-Modesto,KOVR,"much damage will be assessed as well. >> we stand corrected. we are going to take it from a reporter on the scene, that count is pronounced louisville. you see the people evacuated and you can see the ash and debris burning all around the vehicles. you can see just the smoke and what it does when you look up towards the sun. while we are talking about extreme drought conditions, we are talking about the low humidity's and things we see around here in the summer. it is pretty wild to think that a winter storm warning is issued for the same area. starting tomorrow morning, the national weather service there i am reading here says that we can expect 5 to 10 inches of snow by saturday. >> we have a lot of interesting elements going on with this fire. first of all, you can see how tightly packed our lines hard.",[73],73,True,"['much', 'damage', 'will', 'be', 'assessed', 'as', 'well', '', 'we', 'stand', 'corrected', 'we', 'are', 'going', 'to', 'take', 'it', 'from', 'a', 'reporter', 'on', 'the', 'scene', 'that', 'count', 'is', 'pronounced', 'louisville', 'you', 'see', 'the', 'people', 'evacuated', 'and', 'you', 'can', 'see', 'the', 'ash', 'and', 'debris', 'burning', 'all', 'around', 'the', 'vehicles', 'you', 'can', 'see', 'just', 'the', 'smoke', 'and', 'what', 'it', 'does', 'when', 'you', 'look', 'up', 'towards', 'the', 'sun', 'while', 'we', 'are', 'talking', 'about', 'extreme', 'drought', 'conditions', 'we', 'are', 'talking', 'about', 'the', 'low', ""humidity's"", 'and', 'things', 'we', 'see', 'around', 'here', 'in', 'the', 'summer', 'it', 'is', 'pretty', 'wild', 'to', 'think', 'that', 'a', 'winter', 'storm', 'warning', 'is', 'issued', 'for', 'the', 'same', 'area', 'starting', 'tomorrow', 'morning', 'the', 'national', 'weather', 'service', 'there', 'i', 'am', 'reading', 'here', 'says', 'that', 'we', 'can', 'expect', '5', 'to', '10', 'inches', 'of', 'snow', 'by', 'saturday', '', 'we', 'have', 'a', 'lot', 'of', 'interesting', 'elements', 'going', 'on', 'with', 'this', 'fire', 'first', 'of', 'all', 'you', 'can', 'see', 'how', 'tightly', 'packed', 'our', 'lines', 'hard']","['much', 'damage', 'will', 'be', 'assessed', 'as', 'well', 'we', 'stand', 'corrected', 'we', 'are', 'going', 'to', 'take', 'it', 'from', 'a', 'reporter', 'on', 'the', 'scene', 'that', 'count', 'is', 'pronounced', 'louisville', 'you', 'see', 'the', 'people', 'evacuated', 'and', 'you', 'can', 'see', 'the', 'ash', 'and', 'debris', 'burning', 'all', 'around', 'the', 'vehicles', 'you', 'can', 'see', 'just', 'the', 'smoke', 'and', 'what', 'it', 'does', 'when', 'you', 'look', 'up', 'towards', 'the', 'sun', 'while', 'we', 'are', 'talking', 'about', 'extreme', 'drought', 'conditions', 'we', 'are', 'talking', 'about', 'the', 'low', ""humidity's"", 'and', 'things', 'we', 'see', 'around', 'here', 'in', 'the', 'summer', 'it', 'is', 'pretty', 'wild', 'to', 'think', 'that', 'a', 'winter', 'storm', 'warning', 'is', 'issued', 'for', 'the', 'same', 'area', 'starting', 'tomorrow', 'morning', 'the', 'national', 'weather', 'service', 'there', 'i', 'am', 'reading', 'here', 'says', 'that', 'we', 'can', 'expect', 'to', 'inches', 'of', 'snow', 'by', 'saturday', 'we', 'have', 'a', 'lot', 'of', 'interesting', 'elements', 'going', 'on', 'with', 'this', 'fire', 'first', 'of', 'all', 'you', 'can', 'see', 'how', 'tightly', 'packed', 'our', 'lines', 'hard']","['drought', 'extreme']",[]
74,2021-12-30 5:01 PM,Sacramnto-Stkton-Modesto,KOVR,">> the-fire-crews now left the scene knowing that they cannot do anything to try and save these homes because the wind is too strong and quite frankly, the-fire-is too hot. we are a few hundred yards away, and we can feel a bit of the heat. many of these homes have been completely taken down from the foundation. one thing that is new there you're seeing right now is that a lot of this smoke is now clearing the area, and what that means is that a lot of the smoke that burned through the town of superior has now cleared out, so we are really looking through this drainage. we can see some embers burning.",[74],74,True,"['the-fire-crews', 'now', 'left', 'the', 'scene', 'knowing', 'that', 'they', 'cannot', 'do', 'anything', 'to', 'try', 'and', 'save', 'these', 'homes', 'because', 'the', 'wind', 'is', 'too', 'strong', 'and', 'quite', 'frankly', 'the-fire-is', 'too', 'hot', 'we', 'are', 'a', 'few', 'hundred', 'yards', 'away', 'and', 'we', 'can', 'feel', 'a', 'bit', 'of', 'the', 'heat', 'many', 'of', 'these', 'homes', 'have', 'been', 'completely', 'taken', 'down', 'from', 'the', 'foundation', 'one', 'thing', 'that', 'is', 'new', 'there', ""you're"", 'seeing', 'right', 'now', 'is', 'that', 'a', 'lot', 'of', 'this', 'smoke', 'is', 'now', 'clearing', 'the', 'area', 'and', 'what', 'that', 'means', 'is', 'that', 'a', 'lot', 'of', 'the', 'smoke', 'that', 'burned', 'through', 'the', 'town', 'of', 'superior', 'has', 'now', 'cleared', 'out', 'so', 'we', 'are', 'really', 'looking', 'through', 'this', 'drainage', 'we', 'can', 'see', 'some', 'embers', 'burning']","['the', 'fire', 'crews', 'now', 'left', 'the', 'scene', 'knowing', 'that', 'they', 'cannot', 'do', 'anything', 'to', 'try', 'and', 'save', 'these', 'homes', 'because', 'the', 'wind', 'is', 'too', 'strong', 'and', 'quite', 'frankly', 'the', 'fire', 'is', 'too', 'hot', 'we', 'are', 'a', 'few', 'hundred', 'yards', 'away', 'and', 'we', 'can', 'feel', 'a', 'bit', 'of', 'the', 'heat', 'many', 'of', 'these', 'homes', 'have', 'been', 'completely', 'taken', 'down', 'from', 'the', 'foundation', 'one', 'thing', 'that', 'is', 'new', 'there', ""you're"", 'seeing', 'right', 'now', 'is', 'that', 'a', 'lot', 'of', 'this', 'smoke', 'is', 'now', 'clearing', 'the', 'area', 'and', 'what', 'that', 'means', 'is', 'that', 'a', 'lot', 'of', 'the', 'smoke', 'that', 'burned', 'through', 'the', 'town', 'of', 'superior', 'has', 'now', 'cleared', 'out', 'so', 'we', 'are', 'really', 'looking', 'through', 'this', 'drainage', 'we', 'can', 'see', 'some', 'embers', 'burning']",['heat'],[]
76,2021-12-30 6:07 PM,Miami-Ft. Lauderdale,WFOR,"wouldn't be that long in duration. and then the cold front, it is in store for monday oh, arrives on monday, and will drop temperatures by about 10 or more degrees. so the heat is not going to last forever. it gets pushed out of here on monday. temperatures tonight as you go through the evening, no problems at all. just on the warm side. temperatures fall slowly into the low 70s. i'll have a complete look at the forecast through the new year coming up. >> okay, craig. thank you. >>> we're seeing new video from the naples' zoo. it shows the moments the deputies responded to a tiger attack. when they arrived at the animal's enclosure, they found a man who alleged had been hired to clean bleeding with part of his arm in the tiger's mouth that is when a deputy opened-fire-killing the endangered animal. the footage you're about to see is pretty hard to watch. cbs's anthony pura has more. >> reporter: the police in naples, florida, slot and killed an 8-year-old ma layian tiger after the animal grabbed and mauled a man wednesday night. the deputies say the victim,",[76],76,True,"[""wouldn't"", 'be', 'that', 'long', 'in', 'duration', 'and', 'then', 'the', 'cold', 'front', 'it', 'is', 'in', 'store', 'for', 'monday', 'oh', 'arrives', 'on', 'monday', 'and', 'will', 'drop', 'temperatures', 'by', 'about', '10', 'or', 'more', 'degrees', 'so', 'the', 'heat', 'is', 'not', 'going', 'to', 'last', 'forever', 'it', 'gets', 'pushed', 'out', 'of', 'here', 'on', 'monday', 'temperatures', 'tonight', 'as', 'you', 'go', 'through', 'the', 'evening', 'no', 'problems', 'at', 'all', 'just', 'on', 'the', 'warm', 'side', 'temperatures', 'fall', 'slowly', 'into', 'the', 'low', '70s', ""i'll"", 'have', 'a', 'complete', 'look', 'at', 'the', 'forecast', 'through', 'the', 'new', 'year', 'coming', 'up', '', 'okay', 'craig', 'thank', 'you', '', ""we're"", 'seeing', 'new', 'video', 'from', 'the', ""naples'"", 'zoo', 'it', 'shows', 'the', 'moments', 'the', 'deputies', 'responded', 'to', 'a', 'tiger', 'attack', 'when', 'they', 'arrived', 'at', 'the', ""animal's"", 'enclosure', 'they', 'found', 'a', 'man', 'who', 'alleged', 'had', 'been', 'hired', 'to', 'clean', 'bleeding', 'with', 'part', 'of', 'his', 'arm', 'in', 'the', ""tiger's"", 'mouth', 'that', 'is', 'when', 'a', 'deputy', 'opened-fire-killing', 'the', 'endangered', 'animal', 'the', 'footage', ""you're"", 'about', 'to', 'see', 'is', 'pretty', 'hard', 'to', 'watch', ""cbs's"", 'anthony', 'pura', 'has', 'more', '', 'reporter', 'the', 'police', 'in', 'naples', 'florida', 'slot', 'and', 'killed', 'an', '8-year-old', 'ma', 'layian', 'tiger', 'after', 'the', 'animal', 'grabbed', 'and', 'mauled', 'a', 'man', 'wednesday', 'night', 'the', 'deputies', 'say', 'the', 'victim']","[""wouldn't"", 'be', 'that', 'long', 'in', 'duration', 'and', 'then', 'the', 'cold', 'front', 'it', 'is', 'in', 'store', 'for', 'monday', 'oh', 'arrives', 'on', 'monday', 'and', 'will', 'drop', 'temperatures', 'by', 'about', 'or', 'more', 'degrees', 'so', 'the', 'heat', 'is', 'not', 'going', 'to', 'last', 'forever', 'it', 'gets', 'pushed', 'out', 'of', 'here', 'on', 'monday', 'temperatures', 'tonight', 'as', 'you', 'go', 'through', 'the', 'evening', 'no', 'problems', 'at', 'all', 'just', 'on', 'the', 'warm', 'side', 'temperatures', 'fall', 'slowly', 'into', 'the', 'low', '70s', ""i'll"", 'have', 'a', 'complete', 'look', 'at', 'the', 'forecast', 'through', 'the', 'new', 'year', 'coming', 'up', 'okay', 'craig', 'thank', 'you', ""we're"", 'seeing', 'new', 'video', 'from', 'the', ""naples'"", 'zoo', 'it', 'shows', 'the', 'moments', 'the', 'deputies', 'responded', 'to', 'a', 'tiger', 'attack', 'when', 'they', 'arrived', 'at', 'the', ""animal's"", 'enclosure', 'they', 'found', 'a', 'man', 'who', 'alleged', 'had', 'been', 'hired', 'to', 'clean', 'bleeding', 'with', 'part', 'of', 'his', 'arm', 'in', 'the', ""tiger's"", 'mouth', 'that', 'is', 'when', 'a', 'deputy', 'opened', 'fire', 'killing', 'the', 'endangered', 'animal', 'the', 'footage', ""you're"", 'about', 'to', 'see', 'is', 'pretty', 'hard', 'to', 'watch', ""cbs's"", 'anthony', 'pura', 'has', 'more', 'reporter', 'the', 'police', 'in', 'naples', 'florida', 'slot', 'and', 'killed', 'an', '8', 'year', 'old', 'ma', 'layian', 'tiger', 'after', 'the', 'animal', 'grabbed', 'and', 'mauled', 'a', 'man', 'wednesday', 'night', 'the', 'deputies', 'say', 'the', 'victim']","['heat', 'warm']",[]
80,2021-12-30 5:33 PM,Dallas-Ft. Worth,KTVT,"shortage. with final preps underway for the new year's eve ball drop in times square, covid cases keep rising to record highs. to fight the surge, incoming new york city mayor eric adams said it will keep in place a first in country vaccine mandate for private sector workers. >> our focus is vaccine and testing, vaccine and testing, vaccine and testing. >> reporter: city services are feeling the strain. several subway lines suspended operations because of staffing shortages. the-fire-department says 30% of its e.m.s. personnel is out sick and 21% of nypd officers are out, too. the cincinnati, the mayor declared a state of emergency after more than two dozen-firefighters came down with covid with those remaining foced to work overtime. >> nobody can recall a time in recent history within the last almost 50 years where firing fighters have been forced to stay beyond their normal hours. >> reporter: nationwide, covid cases are rising so fast it's",[80],80,True,"['shortage', 'with', 'final', 'preps', 'underway', 'for', 'the', 'new', ""year's"", 'eve', 'ball', 'drop', 'in', 'times', 'square', 'covid', 'cases', 'keep', 'rising', 'to', 'record', 'highs', 'to', 'fight', 'the', 'surge', 'incoming', 'new', 'york', 'city', 'mayor', 'eric', 'adams', 'said', 'it', 'will', 'keep', 'in', 'place', 'a', 'first', 'in', 'country', 'vaccine', 'mandate', 'for', 'private', 'sector', 'workers', '', 'our', 'focus', 'is', 'vaccine', 'and', 'testing', 'vaccine', 'and', 'testing', 'vaccine', 'and', 'testing', '', 'reporter', 'city', 'services', 'are', 'feeling', 'the', 'strain', 'several', 'subway', 'lines', 'suspended', 'operations', 'because', 'of', 'staffing', 'shortages', 'the-fire-department', 'says', '30', 'of', 'its', 'ems', 'personnel', 'is', 'out', 'sick', 'and', '21', 'of', 'nypd', 'officers', 'are', 'out', 'too', 'the', 'cincinnati', 'the', 'mayor', 'declared', 'a', 'state', 'of', 'emergency', 'after', 'more', 'than', 'two', 'dozen-firefighters', 'came', 'down', 'with', 'covid', 'with', 'those', 'remaining', 'foced', 'to', 'work', 'overtime', '', 'nobody', 'can', 'recall', 'a', 'time', 'in', 'recent', 'history', 'within', 'the', 'last', 'almost', '50', 'years', 'where', 'firing', 'fighters', 'have', 'been', 'forced', 'to', 'stay', 'beyond', 'their', 'normal', 'hours', '', 'reporter', 'nationwide', 'covid', 'cases', 'are', 'rising', 'so', 'fast', ""it's""]","['shortage', 'with', 'final', 'preps', 'underway', 'for', 'the', 'new', ""year's"", 'eve', 'ball', 'drop', 'in', 'times', 'square', 'covid', 'cases', 'keep', 'rising', 'to', 'record', 'highs', 'to', 'fight', 'the', 'surge', 'incoming', 'new', 'york', 'city', 'mayor', 'eric', 'adams', 'said', 'it', 'will', 'keep', 'in', 'place', 'a', 'first', 'in', 'country', 'vaccine', 'mandate', 'for', 'private', 'sector', 'workers', 'our', 'focus', 'is', 'vaccine', 'and', 'testing', 'vaccine', 'and', 'testing', 'vaccine', 'and', 'testing', 'reporter', 'city', 'services', 'are', 'feeling', 'the', 'strain', 'several', 'subway', 'lines', 'suspended', 'operations', 'because', 'of', 'staffing', 'shortages', 'the', 'fire', 'department', 'says', 'of', 'its', 'ems', 'personnel', 'is', 'out', 'sick', 'and', 'of', 'nypd', 'officers', 'are', 'out', 'too', 'the', 'cincinnati', 'the', 'mayor', 'declared', 'a', 'state', 'of', 'emergency', 'after', 'more', 'than', 'two', 'dozen', 'firefighters', 'came', 'down', 'with', 'covid', 'with', 'those', 'remaining', 'foced', 'to', 'work', 'overtime', 'nobody', 'can', 'recall', 'a', 'time', 'in', 'recent', 'history', 'within', 'the', 'last', 'almost', 'years', 'where', 'firing', 'fighters', 'have', 'been', 'forced', 'to', 'stay', 'beyond', 'their', 'normal', 'hours', 'reporter', 'nationwide', 'covid', 'cases', 'are', 'rising', 'so', 'fast', ""it's""]","['history', 'record', 'rising']",[]
